-- phpMyAdmin SQL Dump
-- version 5.2.1
-- https://www.phpmyadmin.net/
--
-- Hôte : 127.0.0.1
-- Généré le : jeu. 06 juin 2024 à 21:30
-- Version du serveur : 10.4.32-MariaDB
-- Version de PHP : 8.2.12

SET SQL_MODE = "NO_AUTO_VALUE_ON_ZERO";
START TRANSACTION;
SET time_zone = "+00:00";


/*!40101 SET @OLD_CHARACTER_SET_CLIENT=@@CHARACTER_SET_CLIENT */;
/*!40101 SET @OLD_CHARACTER_SET_RESULTS=@@CHARACTER_SET_RESULTS */;
/*!40101 SET @OLD_COLLATION_CONNECTION=@@COLLATION_CONNECTION */;
/*!40101 SET NAMES utf8mb4 */;

--
-- Base de données : `filao`
--

-- --------------------------------------------------------

--
-- Structure de la table `apres_charge`
--

CREATE TABLE `apres_charge` (
  `id` int(11) NOT NULL,
  `num` varchar(255) NOT NULL,
  `id_poisson` varchar(255) NOT NULL,
  `qtt` varchar(255) NOT NULL,
  `date` datetime NOT NULL DEFAULT current_timestamp()
) ENGINE=InnoDB DEFAULT CHARSET=utf8mb4 COLLATE=utf8mb4_general_ci;

-- --------------------------------------------------------

--
-- Structure de la table `auchambre`
--

CREATE TABLE `auchambre` (
  `id` int(11) NOT NULL,
  `id_poisson` int(11) NOT NULL,
  `NumFac` int(11) NOT NULL,
  `qtt` text NOT NULL
) ENGINE=InnoDB DEFAULT CHARSET=utf8mb4 COLLATE=utf8mb4_general_ci;

-- --------------------------------------------------------

--
-- Structure de la table `chargement_bac`
--

CREATE TABLE `chargement_bac` (
  `id` int(11) NOT NULL,
  `id_poisson` varchar(255) NOT NULL,
  `qtt` float NOT NULL,
  `bac` int(11) NOT NULL,
  `date` datetime NOT NULL DEFAULT current_timestamp()
) ENGINE=InnoDB DEFAULT CHARSET=utf8mb4 COLLATE=utf8mb4_general_ci;

-- --------------------------------------------------------

--
-- Structure de la table `client`
--

CREATE TABLE `client` (
  `id` int(11) NOT NULL,
  `id_sortie` varchar(50) NOT NULL,
  `nom` varchar(255) DEFAULT NULL,
  `adresse` varchar(255) DEFAULT NULL,
  `contact` varchar(255) DEFAULT NULL
) ENGINE=MyISAM DEFAULT CHARSET=latin1 COLLATE=latin1_swedish_ci;

-- --------------------------------------------------------

--
-- Structure de la table `cv`
--

CREATE TABLE `cv` (
  `id` int(11) NOT NULL,
  `cv` varchar(255) NOT NULL
) ENGINE=InnoDB DEFAULT CHARSET=utf8mb4 COLLATE=utf8mb4_general_ci;

-- --------------------------------------------------------

--
-- Structure de la table `depence`
--

CREATE TABLE `depence` (
  `id` int(11) NOT NULL,
  `libelle` varchar(255) NOT NULL,
  `cout` varchar(255) NOT NULL,
  `description` varchar(1000) DEFAULT NULL,
  `date` datetime NOT NULL DEFAULT current_timestamp()
) ENGINE=InnoDB DEFAULT CHARSET=utf8mb4 COLLATE=utf8mb4_general_ci;

--
-- Déchargement des données de la table `depence`
--

INSERT INTO `depence` (`id`, `libelle`, `cout`, `description`, `date`) VALUES
(9, '1', '12', 'hh', '2024-06-06 08:25:32'),
(10, '1', '14', 'hgfg\r\n', '2024-06-06 08:26:01'),
(11, '2', '455', '45456', '2024-06-06 08:31:35'),
(12, '1', '4', 'kkk\r\n', '2024-06-07 09:09:59');

-- --------------------------------------------------------

--
-- Structure de la table `detailavant`
--

CREATE TABLE `detailavant` (
  `id` int(11) NOT NULL,
  `idfilao` text NOT NULL,
  `id_poisson` varchar(255) NOT NULL,
  `NumFac` varchar(255) NOT NULL,
  `qtt` varchar(255) NOT NULL,
  `lanja` varchar(100) NOT NULL,
  `class` text NOT NULL,
  `pdetail` double NOT NULL
) ENGINE=MyISAM DEFAULT CHARSET=latin1 COLLATE=latin1_swedish_ci;

--
-- Déchargement des données de la table `detailavant`
--

INSERT INTO `detailavant` (`id`, `idfilao`, `id_poisson`, `NumFac`, `qtt`, `lanja`, `class`, `pdetail`) VALUES
(95, '94', '94', '2', '50.5', '50.5', '3', 0),
(96, '95', '95', '2', '5.5', '5.5', '8', 0),
(97, '95', '95', '2', '-0.5', '-0.5', '8', 0),
(98, '96', '96', '5', '51.5', '51.5', '1', 0),
(99, '97', '97', '5', '7.5', '7.5', '8', 0),
(103, '97', '97', '5', '7.5', '7.5', '8', 0),
(101, '94', '94', '1', '50.5', '50.5', '8', 0),
(102, '95', '95', '1', '5', '5', '8', 0);

-- --------------------------------------------------------

--
-- Structure de la table `detailfilao`
--

CREATE TABLE `detailfilao` (
  `id` int(11) NOT NULL,
  `id_poisson` int(11) NOT NULL,
  `qtt` varchar(255) CHARACTER SET latin1 COLLATE latin1_swedish_ci NOT NULL,
  `catgr` varchar(255) NOT NULL,
  `classe` varchar(255) NOT NULL,
  `prixUnit` int(50) NOT NULL,
  `NumFac` int(50) NOT NULL,
  `idFournisseur` int(50) NOT NULL,
  `date` datetime NOT NULL DEFAULT current_timestamp()
) ENGINE=InnoDB DEFAULT CHARSET=utf8mb4 COLLATE=utf8mb4_general_ci;

--
-- Déchargement des données de la table `detailfilao`
--

INSERT INTO `detailfilao` (`id`, `id_poisson`, `qtt`, `catgr`, `classe`, `prixUnit`, `NumFac`, `idFournisseur`, `date`) VALUES
(166, 94, '54.5', '1', '1', 0, 1, 22, '2024-06-01 10:29:40'),
(167, 95, '5.5', '1', '1', 0, 1, 22, '2024-06-01 10:30:39'),
(168, 94, '54.5', '1', '1', 0, 2, 22, '2024-06-01 10:31:47'),
(169, 95, '5.5', '1', '1', 0, 2, 22, '2024-06-01 10:34:06'),
(170, 96, '56', '1', '1', 0, 5, 23, '2024-06-01 10:39:58'),
(171, 97, '7.5', '1', '1', 0, 5, 23, '2024-06-01 10:40:47'),
(172, 93, '251', '1', '1', 0, 6, 21, '2024-06-01 10:44:50'),
(173, 98, '400', '1', '1', 0, 6, 21, '2024-06-01 10:45:47'),
(174, 99, '214', '1', '1', 0, 6, 21, '2024-06-01 10:46:28'),
(175, 100, '139', '1', '1', 0, 6, 21, '2024-06-01 10:47:41'),
(176, 101, '206', '1', '1', 0, 6, 21, '2024-06-01 10:49:42'),
(177, 102, '59', '1', '1', 0, 6, 21, '2024-06-01 10:51:03'),
(178, 103, '110', '1', '1', 0, 6, 21, '2024-06-01 10:51:50'),
(179, 104, '11', '1', '1', 0, 6, 21, '2024-06-01 10:57:13'),
(180, 105, '8', '1', '1', 0, 6, 21, '2024-06-01 10:58:03'),
(181, 106, '84', '1', '1', 0, 6, 21, '2024-06-01 10:59:31'),
(182, 107, '199', '1', '1', 0, 6, 21, '2024-06-01 11:00:16'),
(183, 108, '25', '1', '1', 0, 7, 24, '2024-06-01 11:04:56'),
(184, 109, '3', '1', '1', 0, 7, 24, '2024-06-01 11:06:29'),
(185, 110, '35', '1', '1', 0, 7, 24, '2024-06-01 11:08:28'),
(186, 111, '10', '1', '1', 0, 7, 24, '2024-06-01 11:10:33'),
(187, 112, '4', '1', '1', 0, 7, 24, '2024-06-01 11:12:52'),
(188, 98, '6.5', '1', '1', 0, 7, 24, '2024-06-01 11:13:44'),
(189, 114, '2.5', '1', '1', 0, 8, 24, '2024-06-01 11:48:24'),
(190, 115, '10', '1', '1', 0, 8, 24, '2024-06-01 11:50:21'),
(191, 116, '7.5', '1', '1', 0, 8, 24, '2024-06-01 11:51:11'),
(192, 117, '6', '1', '1', 0, 8, 24, '2024-06-01 11:52:14'),
(193, 118, '10.5', '1', '1', 0, 8, 24, '2024-06-01 11:53:10'),
(194, 110, '38', '1', '1', 0, 9, 24, '2024-06-02 11:59:15'),
(195, 115, '32', '1', '1', 0, 9, 24, '2024-06-02 11:59:41'),
(196, 119, '4.5', '1', '1', 0, 9, 24, '2024-06-02 12:01:17'),
(197, 120, '1', '1', '1', 0, 9, 24, '2024-06-02 12:02:05'),
(198, 114, '3', '1', '1', 0, 9, 24, '2024-06-02 12:02:41'),
(199, 121, '8', '1', '1', 0, 9, 24, '2024-06-02 12:03:55'),
(200, 112, '4.5', '1', '1', 0, 9, 24, '2024-06-02 12:04:34'),
(201, 118, '4', '1', '1', 0, 9, 24, '2024-06-02 12:05:19'),
(202, 116, '1', '1', '1', 0, 9, 24, '2024-06-02 12:05:36'),
(203, 122, '53', '1', '1', 0, 10, 25, '2024-06-02 12:09:59'),
(204, 123, '16', '1', '1', 0, 10, 25, '2024-06-02 12:11:46'),
(205, 124, '4', '1', '1', 0, 10, 25, '2024-06-02 12:13:09'),
(206, 125, '2', '1', '1', 0, 10, 25, '2024-06-02 12:14:24'),
(207, 126, '151', '1', '1', 0, 10, 25, '2024-06-02 12:19:36'),
(208, 106, '11.5', '1', '1', 0, 10, 25, '2024-06-02 12:20:57'),
(209, 127, '15.5', '1', '1', 0, 10, 25, '2024-06-02 12:22:31'),
(210, 128, '19.5', '1', '1', 0, 10, 25, '2024-06-02 12:24:07'),
(211, 105, '8', '1', '1', 0, 10, 25, '2024-06-02 12:24:40'),
(212, 107, '539', '1', '1', 0, 11, 21, '2024-06-02 12:34:42'),
(213, 129, '21', '1', '1', 0, 11, 21, '2024-06-02 12:35:40'),
(214, 130, '24', '1', '1', 0, 11, 21, '2024-06-02 12:37:32'),
(215, 132, '5.5', '1', '1', 0, 11, 21, '2024-06-02 12:39:22'),
(216, 131, '2', '1', '1', 0, 11, 21, '2024-06-02 12:40:07'),
(217, 133, '506.5', '1', '1', 0, 12, 21, '2024-06-04 13:26:49'),
(218, 134, '15', '1', '1', 0, 12, 21, '2024-06-04 13:32:15'),
(219, 103, '78.5', '1', '1', 0, 12, 21, '2024-06-04 13:34:07'),
(220, 99, '172', '1', '1', 0, 12, 21, '2024-06-04 13:34:24'),
(221, 102, '25', '1', '1', 0, 12, 21, '2024-06-04 13:34:53'),
(222, 100, '6', '1', '1', 0, 12, 21, '2024-06-04 13:35:13'),
(223, 104, '5', '1', '1', 0, 12, 21, '2024-06-04 13:35:33'),
(224, 101, '27', '1', '1', 0, 12, 21, '2024-06-04 13:36:08'),
(225, 105, '7', '1', '1', 0, 12, 21, '2024-06-04 13:36:20'),
(226, 106, '22', '1', '1', 0, 12, 21, '2024-06-04 13:36:33'),
(227, 107, '58', '1', '1', 0, 12, 21, '2024-06-04 13:36:52'),
(228, 135, '4', '1', '1', 0, 12, 21, '2024-06-04 13:37:36'),
(229, 137, '5', '1', '1', 0, 13, 21, '2024-06-04 13:39:41'),
(230, 138, '7', '1', '1', 0, 13, 21, '2024-06-04 13:41:24'),
(231, 139, '14.5', '1', '1', 0, 14, 26, '2024-06-04 13:45:36'),
(232, 140, '3.5', '1', '1', 0, 14, 26, '2024-06-04 13:46:38'),
(233, 141, '4', '1', '1', 0, 14, 26, '2024-06-04 13:47:36'),
(234, 111, '14', '1', '1', 0, 14, 26, '2024-06-04 13:47:50'),
(235, 116, '15', '1', '1', 0, 14, 26, '2024-06-04 13:48:08'),
(236, 142, '2', '1', '1', 0, 14, 26, '2024-06-04 13:49:24'),
(237, 143, '169.5', '1', '1', 0, 15, 27, '2024-06-04 13:52:03'),
(238, 91, '4', '1', '1', 0, 15, 27, '2024-06-04 13:53:11'),
(239, 146, '4', '1', '1', 0, 15, 27, '2024-06-04 13:54:06'),
(240, 91, '84', '1', '1', 0, 16, 22, '2024-06-04 13:54:50'),
(241, 147, '29', '1', '1', 0, 16, 22, '2024-06-04 13:55:50'),
(242, 146, '47.5', '1', '1', 0, 16, 22, '2024-06-04 13:56:50'),
(243, 104, '4.5', '1', '1', 0, 16, 22, '2024-06-04 13:57:34'),
(244, 148, '549.5', '1', '1', 0, 17, 28, '2024-06-04 14:00:46'),
(245, 150, '75', '1', '1', 0, 17, 28, '2024-06-04 14:01:35'),
(246, 133, '2', '1', '1', 0, 17, 28, '2024-06-04 14:02:05'),
(247, 152, '2.5', '1', '1', 0, 17, 28, '2024-06-04 14:03:41'),
(248, 153, '9', '1', '1', 0, 17, 28, '2024-06-04 14:04:26'),
(249, 154, '7.5', '1', '1', 0, 17, 28, '2024-06-04 14:06:35'),
(250, 155, '5', '1', '1', 0, 17, 28, '2024-06-04 14:09:34'),
(251, 156, '46', '1', '1', 0, 17, 28, '2024-06-04 14:11:37'),
(252, 157, '50', '1', '1', 0, 17, 28, '2024-06-04 14:12:34'),
(253, 158, '39', '1', '1', 0, 17, 28, '2024-06-04 14:13:26'),
(254, 159, '28', '1', '1', 0, 17, 28, '2024-06-04 14:14:10'),
(255, 160, '158', '1', '1', 0, 17, 28, '2024-06-04 14:15:15'),
(256, 144, '81', '1', '1', 0, 17, 28, '2024-06-04 14:16:13'),
(257, 156, '32', '1', '1', 0, 18, 29, '2024-06-04 14:17:54'),
(258, 149, '440', '1', '1', 0, 18, 29, '2024-06-04 14:18:15'),
(259, 150, '151', '1', '1', 0, 18, 29, '2024-06-04 14:18:49'),
(260, 160, '145', '1', '1', 0, 18, 29, '2024-06-04 14:19:07'),
(261, 157, '94', '1', '1', 0, 18, 29, '2024-06-04 14:20:10'),
(262, 155, '76.5', '1', '1', 0, 18, 29, '2024-06-04 14:25:30'),
(263, 135, '5.5', '1', '1', 0, 18, 29, '2024-06-04 14:25:52'),
(264, 161, '5', '1', '1', 0, 18, 29, '2024-06-04 14:26:44'),
(265, 151, '4', '1', '1', 0, 18, 29, '2024-06-04 14:27:08'),
(266, 162, '16', '1', '1', 0, 18, 29, '2024-06-04 14:27:47'),
(267, 158, '37', '1', '1', 0, 18, 29, '2024-06-04 14:28:50'),
(268, 163, '6', '1', '1', 0, 18, 29, '2024-06-04 14:29:32'),
(269, 164, '5', '1', '1', 0, 18, 29, '2024-06-04 14:31:01'),
(270, 165, '6', '1', '1', 0, 18, 29, '2024-06-04 14:31:45'),
(271, 166, '2', '1', '1', 0, 18, 29, '2024-06-04 14:32:25'),
(272, 167, '1', '1', '1', 0, 18, 29, '2024-06-04 14:33:03'),
(273, 168, '5.5', '1', '1', 0, 18, 29, '2024-06-04 14:40:13'),
(274, 169, '36', '1', '1', 0, 18, 29, '2024-06-04 14:43:00'),
(275, 170, '3.5', '1', '1', 0, 18, 29, '2024-06-04 14:50:00'),
(276, 147, '2', '1', '1', 0, 18, 29, '2024-06-04 14:50:27'),
(277, 171, '7', '1', '1', 0, 18, 29, '2024-06-04 14:51:02'),
(278, 172, '4', '1', '1', 0, 18, 29, '2024-06-04 14:51:48'),
(279, 153, '12.5', '1', '1', 0, 18, 29, '2024-06-04 14:52:07'),
(280, 173, '4.5', '1', '1', 0, 18, 29, '2024-06-04 14:52:58'),
(281, 174, '22', '1', '1', 0, 18, 29, '2024-06-04 14:53:49'),
(282, 175, '176', '1', '1', 0, 18, 29, '2024-06-04 14:54:43'),
(283, 144, '17', '1', '1', 0, 18, 29, '2024-06-04 14:55:00'),
(284, 145, '12', '1', '1', 0, 18, 29, '2024-06-04 14:55:38'),
(285, 104, '1', '1', '1', 0, 18, 29, '2024-06-04 14:55:48'),
(286, 91, '84', '1', '1', 0, 19, 22, '2024-06-04 15:02:50'),
(287, 147, '29', '1', '1', 0, 19, 22, '2024-06-04 15:03:12'),
(288, 146, '47.5', '1', '1', 0, 19, 22, '2024-06-04 15:03:40'),
(289, 104, '4.5', '1', '1', 0, 19, 22, '2024-06-04 15:03:51'),
(291, 150, '75', '1', '1', 0, 20, 28, '2024-06-04 15:05:34'),
(293, 151, '2', '1', '1', 0, 20, 28, '2024-06-04 15:07:10'),
(294, 152, '2.5', '1', '1', 0, 20, 28, '2024-06-04 15:07:57'),
(295, 153, '9', '1', '1', 0, 20, 28, '2024-06-04 15:08:36'),
(296, 154, '7.5', '1', '1', 0, 20, 28, '2024-06-04 15:08:58'),
(297, 155, '5', '1', '1', 0, 20, 28, '2024-06-04 15:09:23'),
(298, 156, '46', '1', '1', 0, 20, 28, '2024-06-04 15:09:38'),
(299, 176, '50', '1', '1', 0, 20, 28, '2024-06-04 15:10:25'),
(300, 177, '39', '1', '1', 0, 20, 28, '2024-06-04 15:11:07'),
(301, 159, '28', '1', '1', 0, 20, 28, '2024-06-04 15:11:35'),
(302, 160, '158', '1', '1', 0, 20, 28, '2024-06-04 15:11:47'),
(303, 144, '81', '1', '1', 0, 20, 28, '2024-06-04 15:11:58'),
(305, 148, '549.5', '1', '1', 0, 20, 28, '2024-06-04 15:13:03'),
(306, 141, '5.5', '1', '1', 0, 21, 26, '2024-06-05 15:25:50'),
(307, 116, '5', '1', '1', 0, 21, 26, '2024-06-05 15:26:11'),
(308, 111, '25.5', '1', '1', 0, 21, 26, '2024-06-05 15:26:38'),
(309, 140, '2.5', '1', '1', 0, 21, 26, '2024-06-05 15:27:03'),
(310, 178, '0.5', '1', '1', 0, 21, 26, '2024-06-05 15:28:06'),
(311, 91, '3.5', '1', '1', 0, 21, 26, '2024-06-05 15:29:38'),
(312, 163, '6', '1', '1', 0, 21, 26, '2024-06-05 15:29:48'),
(313, 179, '12', '1', '1', 0, 21, 26, '2024-06-05 15:32:01'),
(314, 107, '412.5', '1', '1', 0, 22, 31, '2024-06-05 15:37:20'),
(315, 133, '103', '1', '1', 0, 22, 31, '2024-06-05 15:37:33'),
(316, 102, '20', '1', '1', 0, 22, 31, '2024-06-05 15:37:47'),
(318, 180, '3.5', '1', '1', 0, 22, 31, '2024-06-05 15:42:24'),
(319, 152, '4.5', '1', '1', 0, 22, 31, '2024-06-05 15:42:47'),
(320, 101, '16.5', '1', '1', 0, 22, 31, '2024-06-05 15:43:37'),
(321, 181, '8', '1', '1', 0, 22, 31, '2024-06-05 15:44:43'),
(322, 134, '49', '1', '1', 0, 22, 31, '2024-06-05 15:51:52'),
(323, 100, '3', '1', '1', 0, 22, 31, '2024-06-05 15:52:33'),
(324, 103, '12', '1', '1', 0, 22, 31, '2024-06-05 15:53:02'),
(325, 104, '7.5', '1', '1', 0, 22, 31, '2024-06-05 15:53:17'),
(326, 136, '2', '1', '1', 0, 22, 31, '2024-06-05 15:53:34'),
(327, 137, '2', '1', '1', 0, 22, 31, '2024-06-05 15:53:49'),
(328, 148, '493.5', '1', '1', 0, 24, 32, '2024-06-05 16:03:18'),
(329, 160, '169', '1', '1', 0, 24, 32, '2024-06-05 16:03:34'),
(330, 182, '53', '1', '1', 0, 24, 32, '2024-06-05 16:04:22'),
(331, 153, '26', '1', '1', 0, 24, 32, '2024-06-05 16:04:43'),
(332, 183, '24', '1', '1', 0, 24, 32, '2024-06-05 16:05:22'),
(333, 162, '19.5', '1', '1', 0, 24, 32, '2024-06-05 16:06:01'),
(334, 144, '79', '1', '1', 0, 24, 32, '2024-06-05 16:06:21'),
(335, 150, '151', '1', '1', 0, 24, 32, '2024-06-05 16:06:38'),
(336, 169, '58', '1', '1', 0, 26, 22, '2024-06-05 17:19:16'),
(337, 147, '99', '1', '1', 0, 26, 22, '2024-06-05 17:19:38'),
(338, 128, '45', '1', '1', 0, 26, 22, '2024-06-05 17:19:51'),
(339, 104, '93', '1', '1', 0, 26, 22, '2024-06-05 17:21:16'),
(340, 135, '3', '1', '1', 0, 26, 22, '2024-06-05 17:21:49'),
(341, 127, '51', '1', '1', 0, 26, 22, '2024-06-05 17:22:11'),
(342, 184, '5', '1', '1', 0, 26, 22, '2024-06-05 17:22:59');

-- --------------------------------------------------------

--
-- Structure de la table `detailfilaocontre`
--

CREATE TABLE `detailfilaocontre` (
  `id` int(11) NOT NULL,
  `id_poisson` int(11) NOT NULL,
  `NumFac` varchar(255) NOT NULL,
  `qtt` varchar(255) NOT NULL
) ENGINE=MyISAM DEFAULT CHARSET=latin1 COLLATE=latin1_swedish_ci;

--
-- Déchargement des données de la table `detailfilaocontre`
--

INSERT INTO `detailfilaocontre` (`id`, `id_poisson`, `NumFac`, `qtt`) VALUES
(88, 97, '5', '7.5'),
(87, 96, '5', '56'),
(86, 95, '1', '5.5'),
(85, 94, '1', '54.5');

-- --------------------------------------------------------

--
-- Structure de la table `detailfilaosortie`
--

CREATE TABLE `detailfilaosortie` (
  `id` int(11) NOT NULL,
  `id_poisson` varchar(255) NOT NULL,
  `sac` varchar(255) NOT NULL,
  `qtt` double NOT NULL,
  `id_sortie` varchar(255) NOT NULL,
  `place` int(11) NOT NULL
) ENGINE=MyISAM DEFAULT CHARSET=latin1 COLLATE=latin1_swedish_ci;

-- --------------------------------------------------------

--
-- Structure de la table `factmj`
--

CREATE TABLE `factmj` (
  `id` int(11) NOT NULL,
  `date` datetime NOT NULL DEFAULT current_timestamp()
) ENGINE=InnoDB DEFAULT CHARSET=utf8mb4 COLLATE=utf8mb4_general_ci;

--
-- Déchargement des données de la table `factmj`
--

INSERT INTO `factmj` (`id`, `date`) VALUES
(1, '2024-06-05 16:14:17'),
(2, '2024-06-06 11:00:11'),
(3, '2024-06-06 11:20:54');

-- --------------------------------------------------------

--
-- Structure de la table `facture`
--

CREATE TABLE `facture` (
  `id` int(11) NOT NULL,
  `id_fou` int(11) NOT NULL,
  `totalapayee` decimal(10,0) NOT NULL,
  `payee` decimal(10,0) NOT NULL,
  `restapayer` varchar(11) NOT NULL,
  `date` datetime NOT NULL DEFAULT current_timestamp()
) ENGINE=MyISAM DEFAULT CHARSET=latin1 COLLATE=latin1_swedish_ci;

--
-- Déchargement des données de la table `facture`
--

INSERT INTO `facture` (`id`, `id_fou`, `totalapayee`, `payee`, `restapayer`, `date`) VALUES
(3, 22, 0, 0, '0', '2024-06-01 10:36:42'),
(2, 22, 0, 0, '0', '2024-06-01 10:31:27'),
(1, 22, 0, 0, '0', '2024-06-01 10:28:53'),
(4, 22, 0, 0, '0', '2024-06-01 10:37:00'),
(5, 23, 0, 0, '0', '2024-06-01 10:37:41'),
(6, 21, 0, 0, '0', '2024-06-01 10:44:23'),
(7, 24, 0, 0, '0', '2024-06-01 11:03:08'),
(8, 24, 0, 0, '0', '2024-06-01 11:47:28'),
(9, 24, 0, 0, '0', '2024-06-02 11:58:50'),
(10, 25, 0, 0, '0', '2024-06-02 12:07:48'),
(11, 21, 0, 0, '0', '2024-06-02 12:33:42'),
(12, 21, 0, 0, '0', '2024-06-04 13:25:38'),
(13, 21, 0, 0, '0', '2024-06-04 13:38:34'),
(14, 26, 0, 0, '0', '2024-06-04 13:44:13'),
(15, 27, 0, 0, '0', '2024-06-04 13:50:57'),
(16, 22, 0, 0, '0', '2024-06-04 13:54:26'),
(17, 28, 0, 0, '0', '2024-06-04 13:59:19'),
(18, 29, 0, 0, '0', '2024-06-04 14:17:33'),
(19, 22, 0, 0, '0', '2024-06-04 15:02:24'),
(20, 28, 0, 0, '0', '2024-06-04 15:04:15'),
(21, 26, 0, 0, '0', '2024-06-05 15:25:32'),
(22, 31, 0, 0, '0', '2024-06-05 15:36:21'),
(23, 22, 0, 0, '0', '2024-06-05 16:01:03'),
(24, 32, 0, 0, '0', '2024-06-05 16:02:18'),
(25, 22, 0, 0, '0', '2024-06-05 16:19:38'),
(26, 22, 0, 0, '0', '2024-06-05 17:11:56');

-- --------------------------------------------------------

--
-- Structure de la table `facturesortie`
--

CREATE TABLE `facturesortie` (
  `id` int(11) NOT NULL,
  `destination` varchar(255) NOT NULL,
  `date` datetime NOT NULL DEFAULT current_timestamp()
) ENGINE=MyISAM DEFAULT CHARSET=latin1 COLLATE=latin1_swedish_ci;

--
-- Déchargement des données de la table `facturesortie`
--

INSERT INTO `facturesortie` (`id`, `destination`, `date`) VALUES
(1, '', '2024-06-05 16:14:47'),
(2, '', '2024-06-06 09:36:07'),
(3, '', '2024-06-06 10:35:01'),
(4, '', '2024-06-06 10:51:19'),
(5, '', '2024-06-06 11:00:38'),
(6, '', '2024-06-06 11:27:56'),
(7, '', '2024-06-06 11:34:16'),
(8, '', '2024-06-06 12:34:30'),
(9, '', '2024-06-06 12:57:31'),
(10, '', '2024-06-06 19:45:13');

-- --------------------------------------------------------

--
-- Structure de la table `facturetana`
--

CREATE TABLE `facturetana` (
  `id` int(11) NOT NULL,
  `date` datetime NOT NULL DEFAULT current_timestamp()
) ENGINE=InnoDB DEFAULT CHARSET=utf8mb4 COLLATE=utf8mb4_general_ci;

-- --------------------------------------------------------

--
-- Structure de la table `filaolafo`
--

CREATE TABLE `filaolafo` (
  `idc` int(11) NOT NULL,
  `id` int(11) NOT NULL,
  `id_poisson` varchar(255) NOT NULL,
  `qtt` varchar(255) NOT NULL,
  `prix` varchar(255) NOT NULL,
  `client` varchar(255) DEFAULT NULL,
  `date` datetime NOT NULL DEFAULT current_timestamp()
) ENGINE=MyISAM DEFAULT CHARSET=latin1 COLLATE=latin1_swedish_ci;

-- --------------------------------------------------------

--
-- Structure de la table `fournisseur`
--

CREATE TABLE `fournisseur` (
  `id` int(11) NOT NULL,
  `nomfournisseur` varchar(255) NOT NULL,
  `Adress` varchar(255) NOT NULL,
  `contact` varchar(255) NOT NULL
) ENGINE=InnoDB DEFAULT CHARSET=utf8mb4 COLLATE=utf8mb4_general_ci;

--
-- Déchargement des données de la table `fournisseur`
--

INSERT INTO `fournisseur` (`id`, `nomfournisseur`, `Adress`, `contact`) VALUES
(21, 'Zozo', '', ''),
(22, 'AIMEE', '', ''),
(23, 'THERSESE', '', ''),
(24, 'KEKELY', '', ''),
(25, 'DANI', '', ''),
(26, 'POPOSA', '', ''),
(27, 'LALA', '', ''),
(28, 'MAMAN IBRAHIM', '', ''),
(29, 'PATOU', '', ''),
(31, 'Patrice (Paty)', '', ''),
(32, 'HAKIM', '', '');

-- --------------------------------------------------------

--
-- Structure de la table `froid`
--

CREATE TABLE `froid` (
  `id` int(11) NOT NULL
) ENGINE=InnoDB DEFAULT CHARSET=utf8mb4 COLLATE=utf8mb4_general_ci;

-- --------------------------------------------------------

--
-- Structure de la table `froidf`
--

CREATE TABLE `froidf` (
  `id` int(11) NOT NULL,
  `nomFilao` varchar(255) NOT NULL,
  `qtt` decimal(11,0) NOT NULL DEFAULT 0
) ENGINE=MyISAM DEFAULT CHARSET=latin1 COLLATE=latin1_swedish_ci;

--
-- Déchargement des données de la table `froidf`
--

INSERT INTO `froidf` (`id`, `nomFilao`, `qtt`) VALUES
(91, 'GP CABOT ', 0),
(92, 'PETIT CABOT', 0),
(93, 'Angy SE', 0),
(94, 'GPCABOT SE', 0),
(95, 'PETIT TRIES VERS GP', 0),
(96, 'TRIE AE', 0),
(97, 'TV TRIE AE', 0),
(98, 'ANGY GM&PM FILET', 0),
(99, 'BESOMO SE', 0),
(100, 'DE LARGE FILET', 0),
(101, 'FIAPONDO PREPARER', 0),
(102, 'TV GEORGE ', 0),
(103, 'GP ', 0),
(104, 'TRIE ', 0),
(105, 'CASSE MARMITE', 0),
(106, 'GP CABOT BE', 0),
(107, 'MAKOBA FOTSY', 0),
(108, 'MALOKY', 0),
(109, 'MALOKY POAKA MASO', 0),
(110, 'TV ROUGET', 0),
(111, 'TV AMBANIVAVA', 0),
(112, 'TV AMBARIAKA VAKY KIBO', 0),
(113, 'BANANE', 0),
(114, 'TV mavorambo', 0),
(115, 'TV Ambariaka', 0),
(116, 'TV Drihy', 0),
(117, 'TV LILIE poaka maso', 0),
(118, 'TV LILIE', 0),
(119, 'TV Ambotso', 0),
(120, 'TV Takoropa', 0),
(121, 'TV Kikao', 0),
(122, 'Trie blanc AE', 0),
(123, 'Trie rouge AE', 0),
(124, 'TV Blanc AE', 0),
(125, 'TV Rouge AE', 0),
(126, 'GP Crb & Local', 0),
(127, 'Trie vers GP', 0),
(128, 'KIKAO fotsy SE', 0),
(129, 'THON PM Sb', 0),
(130, 'Quatre Heure SE', 0),
(131, 'Trie Besomo SE', 0),
(132, 'TAKOROPA SE/SB', 0),
(133, 'ANGY', 0),
(134, 'ANGYP PM', 0),
(135, 'THON PM', 0),
(136, 'PERROQUET ', 0),
(137, 'PERROQUET 2EM CHOIX', 0),
(138, 'PERROQUET ', 0),
(139, 'MERLAN', 0),
(140, 'MERLAN PM', 0),
(141, 'TV gogo', 0),
(142, 'TV MIXTE', 0),
(143, 'CREVETTE ', 0),
(144, 'ESPADON', 0),
(145, 'ESPADON MOLLE', 0),
(146, 'TRIE CABOT', 0),
(147, 'GP LOCALE', 0),
(148, 'BONITE', 0),
(149, 'BONITE', 0),
(150, 'BONITE 2EM CHOIX', 0),
(151, 'FAUX THON', 0),
(152, 'KIKAO MENA', 0),
(153, 'ANKIO FOTSY', 0),
(154, 'THON MOYENNE', 0),
(155, 'FAUX THON MOLLE', 0),
(156, 'THON 2EM CHOIX', 0),
(157, 'THON BLANC', 0),
(158, 'THON BLANC MOLLE', 0),
(159, 'ANKIO MENA', 0),
(160, 'BONITE MOLLE', 0),
(161, 'FAUX THON 2EM CHOIX', 0),
(162, 'THON BANANE', 0),
(163, 'JANO FOTSY', 0),
(164, 'JANO MAINTY', 0),
(165, 'TV VANGO', 0),
(166, 'GOGO', 0),
(167, 'SHOLE', 0),
(168, 'SAUMON', 0),
(169, 'GP CRB', 0),
(170, 'GP 2m', 0),
(171, 'GP MOL', 0),
(172, 'Quatre Heure Mol', 0),
(173, 'ANKIO FOTSY 2m', 0),
(174, 'Ankio Mena 2m', 0),
(175, 'ESPADON Be MOL', 0),
(176, 'Thon', 0),
(177, 'THON Mol', 0),
(178, 'TV Maquerot', 0),
(179, 'Merlan Gm & Mn', 0),
(180, 'BESOMO', 0),
(181, 'Mandiandavaka', 0),
(182, 'BONITE KELY', 0),
(183, 'ANKIO LAVA HEJAKA', 0),
(184, 'THON PM 2m', 0),
(185, 'Poulpe', 0),
(186, 'GP se', 0),
(187, 'TV mixte', 0),
(188, 'FILET M', 0),
(189, 'TT+SQLT BO', 0),
(190, 'TT+SQLT BONITA', 0),
(191, 'TV*', 0),
(192, 'MAHALOKY 2', 0),
(193, 'MAHALOKY 2', 0),
(194, 'TRIE se', 0),
(195, 'KIKAO se', 0),
(196, 'TT+SQLT GP', 0),
(197, 'TT+SQLT KKO +JN', 0),
(198, 'FILET 3', 0),
(199, 'JANO se', 0),
(200, 'JANO se', 0),
(201, 'TV*3', 0),
(202, 'TV*Déco', 0),
(203, 'TV mixte môle', 0),
(204, 'Tête Fiapondo', 0),
(205, 'MERLAN ae', 0),
(206, 'TV henjy', 0),
(207, 'TV BIKA', 0),
(208, 'MAKOBA', 0),
(209, 'SQLT ANGY', 0),
(210, 'Tête ANGY', 0),
(211, 'FILET 2', 0),
(212, 'FILET 1', 0),
(213, 'TV GEORGE se', 0),
(214, 'TV trié', 0),
(215, 'THON BLANC sb', 0),
(216, 'TV trié Blanc', 0),
(217, 'TV trié rouge', 0),
(218, 'THON BLANC ab', 0),
(219, 'GOGO GM', 0),
(220, 'GOGO pm', 0),
(221, 'SOY-SOY mn ae', 0),
(222, 'TV Tretreky', 0),
(223, 'FILET ESP', 0),
(224, 'ESP se', 0),
(225, 'THON ROUGE ab', 0),
(226, 'THON ab', 0),
(227, 'THON ROUGE 2 ème choix', 0),
(228, 'THON ROUGE ab PM', 0),
(229, 'POISSON FUME', 0);

-- --------------------------------------------------------

--
-- Structure de la table `froidfinal`
--

CREATE TABLE `froidfinal` (
  `id` int(11) NOT NULL,
  `classe` text NOT NULL,
  `qttt` decimal(10,0) NOT NULL,
  `date` date NOT NULL DEFAULT current_timestamp()
) ENGINE=InnoDB DEFAULT CHARSET=utf8mb4 COLLATE=utf8mb4_general_ci;

-- --------------------------------------------------------

--
-- Structure de la table `imgpers`
--

CREATE TABLE `imgpers` (
  `id` int(11) NOT NULL,
  `img` varchar(255) NOT NULL
) ENGINE=InnoDB DEFAULT CHARSET=utf8mb4 COLLATE=utf8mb4_general_ci;

--
-- Déchargement des données de la table `imgpers`
--

INSERT INTO `imgpers` (`id`, `img`) VALUES
(11, 'uploads/111715346985572.jpg');

-- --------------------------------------------------------

--
-- Structure de la table `observation`
--

CREATE TABLE `observation` (
  `id` int(11) NOT NULL,
  `id_obs` varchar(255) NOT NULL,
  `obs` varchar(255) NOT NULL
) ENGINE=InnoDB DEFAULT CHARSET=utf8mb4 COLLATE=utf8mb4_general_ci;

-- --------------------------------------------------------

--
-- Structure de la table `particulier`
--

CREATE TABLE `particulier` (
  `idc` int(11) NOT NULL,
  `id` int(11) NOT NULL,
  `id_poisson` varchar(255) NOT NULL,
  `qtt` varchar(255) NOT NULL,
  `prix` varchar(255) NOT NULL,
  `client` varchar(255) DEFAULT NULL,
  `date` datetime NOT NULL DEFAULT current_timestamp()
) ENGINE=MyISAM DEFAULT CHARSET=latin1 COLLATE=latin1_swedish_ci;

--
-- Déchargement des données de la table `particulier`
--

INSERT INTO `particulier` (`idc`, `id`, `id_poisson`, `qtt`, `prix`, `client`, `date`) VALUES
(10, 3, '133', '226', '2260000', NULL, '2024-06-06 11:22:18'),
(11, 3, '93', '6', '6', NULL, '2024-06-06 11:25:11');

-- --------------------------------------------------------

--
-- Structure de la table `personnel`
--

CREATE TABLE `personnel` (
  `id` int(11) NOT NULL,
  `nom` varchar(255) NOT NULL,
  `contact` varchar(255) NOT NULL,
  `poste` varchar(255) NOT NULL
) ENGINE=InnoDB DEFAULT CHARSET=utf8mb4 COLLATE=utf8mb4_general_ci;

--
-- Déchargement des données de la table `personnel`
--

INSERT INTO `personnel` (`id`, `nom`, `contact`, `poste`) VALUES
(1, 'SAMUEL', '032', 'Mahajanga'),
(12, 'JaoFeno', '', 'Mahajanga'),
(13, 'EDONIS', '', 'Mahajanga'),
(14, 'LAVA', '', 'Mahajanga'),
(15, 'DANOU', '', 'Mahajanga'),
(16, 'GAEL', '', 'Mahajanga'),
(17, 'JOBY', '', 'Mahajanga'),
(18, 'ANTHONY', '', 'Mahajanga'),
(19, 'JOSEPH', '', 'Mahajanga'),
(20, 'JHON', '', 'Mahajanga'),
(21, 'CHRISTOPHE', '', 'Mahajanga'),
(22, 'DONNAH', '', 'Mahajanga'),
(23, 'MARTINIQUE', '', 'Mahajanga'),
(24, 'ROMEO', '', 'Mahajanga'),
(25, 'MAHAZOMORA', '', 'Mahajanga'),
(26, 'BENIDE', '', 'Mahajanga'),
(27, 'SEVERIN', '', 'Mahajanga'),
(28, 'TEST', 'JJ', 'Antananarivo');

-- --------------------------------------------------------

--
-- Structure de la table `poisson`
--

CREATE TABLE `poisson` (
  `id` int(11) NOT NULL,
  `nomFilao` varchar(255) NOT NULL
) ENGINE=MyISAM DEFAULT CHARSET=latin1 COLLATE=latin1_swedish_ci;

--
-- Déchargement des données de la table `poisson`
--

INSERT INTO `poisson` (`id`, `nomFilao`) VALUES
(91, 'GP CABOT '),
(92, 'PETIT CABOT'),
(93, 'Angy SE'),
(94, 'GPCABOT SE'),
(95, 'PETIT TRIES VERS GP'),
(96, 'TRIE AE'),
(97, 'TV TRIE AE'),
(98, 'ANGY GM&PM FILET'),
(99, 'BESOMO SE'),
(100, 'DE LARGE FILET'),
(101, 'FIAPONDO PREPARER'),
(102, 'TV GEORGE '),
(103, 'GP '),
(104, 'TRIE '),
(105, 'CASSE MARMITE'),
(106, 'GP CABOT BE'),
(107, 'MAKOBA FOTSY'),
(108, 'MALOKY'),
(109, 'MALOKY POAKA MASO'),
(110, 'TV ROUGET'),
(111, 'TV AMBANIVAVA'),
(112, 'TV AMBARIAKA VAKY KIBO'),
(113, 'BANANE'),
(114, 'TV mavorambo'),
(115, 'TV Ambariaka'),
(116, 'TV Drihy'),
(117, 'TV LILIE poaka maso'),
(118, 'TV LILIE'),
(119, 'TV Ambotso'),
(120, 'TV Takoropa'),
(121, 'TV Kikao'),
(122, 'Trie blanc AE'),
(123, 'Trie rouge AE'),
(124, 'TV Blanc AE'),
(125, 'TV Rouge AE'),
(126, 'GP Crb & Local'),
(127, 'Trie vers GP'),
(128, 'KIKAO fotsy SE'),
(129, 'THON PM Sb'),
(130, 'Quatre Heure SE'),
(131, 'Trie Besomo SE'),
(132, 'TAKOROPA SE/SB'),
(133, 'ANGY'),
(134, 'ANGY PM'),
(135, 'THON PM'),
(136, 'PERROQUET '),
(137, 'PERROQUET 2EM CHOIX'),
(138, 'PERROQUET '),
(139, 'MERLAN'),
(140, 'MERLAN PM'),
(141, 'TV gogo'),
(142, 'TV MIXTE'),
(143, 'CREVETTE '),
(144, 'ESPADON'),
(145, 'ESPADON MOLLE'),
(146, 'TRIE CABOT'),
(147, 'GP LOCALE'),
(148, 'BONITE'),
(176, 'Thon'),
(150, 'BONITE 2EM CHOIX'),
(151, 'FAUX THON'),
(152, 'KIKAO MENA'),
(153, 'ANKIO FOTSY'),
(154, 'THON MOYENNE'),
(155, 'FAUX THON MOLLE'),
(156, 'THON 2EM CHOIX'),
(157, 'THON BLANC'),
(158, 'THON BLANC MOLLE'),
(159, 'ANKIO MENA'),
(160, 'BONITE MOLLE'),
(161, 'FAUX THON 2EM CHOIX'),
(162, 'THON BANANE'),
(163, 'JANO FOTSY'),
(164, 'JANO MAINTY'),
(165, 'TV VANGO'),
(166, 'GOGO'),
(167, 'SHOLE'),
(168, 'SAUMON'),
(169, 'GP CRB'),
(170, 'GP 2m'),
(171, 'GP MOL'),
(172, 'Quatre Heure Mol'),
(173, 'ANKIO FOTSY 2m'),
(174, 'Ankio Mena 2m'),
(175, 'ESPADON Be MOL'),
(177, 'THON Mol'),
(178, 'TV Maquerot'),
(179, 'Merlan Gm & Mn'),
(180, 'BESOMO'),
(181, 'Mandiandavaka'),
(182, 'BONITE KELY'),
(183, 'ANKIO LAVA HEJAKA'),
(184, 'THON PM 2m'),
(185, 'Poulpe'),
(186, 'GP se'),
(201, 'TV*3'),
(188, 'FILET M'),
(200, 'JANO se'),
(190, 'TT+SQLT BONITA'),
(191, 'TV*'),
(192, 'MAHALOKY 2'),
(193, 'MAHALOKY 2'),
(194, 'TRIE se'),
(195, 'KIKAO se'),
(196, 'TT+SQLT GP'),
(197, 'TT+SQLT KKO +JN'),
(198, 'FILET 3'),
(202, 'TV*Déco'),
(203, 'TV mixte môle'),
(204, 'Tête Fiapondo'),
(205, 'MERLAN ae'),
(206, 'TV henjy'),
(207, 'TV BIKA'),
(208, 'MAKOBA'),
(209, 'SQLT ANGY'),
(210, 'Tête ANGY'),
(211, 'FILET 2'),
(212, 'FILET 1'),
(213, 'TV GEORGE se'),
(214, 'TV trié'),
(215, 'THON BLANC sb'),
(216, 'TV trié Blanc'),
(217, 'TV trié rouge'),
(218, 'THON BLANC ab'),
(219, 'GOGO GM'),
(220, 'GOGO pm'),
(221, 'SOY-SOY mn ae'),
(222, 'TV Tretreky'),
(223, 'FILET ESP'),
(224, 'ESP se'),
(225, 'THON ROUGE ab'),
(226, 'THON ab'),
(227, 'THON ROUGE 2 ème choix'),
(228, 'THON ROUGE ab PM'),
(229, 'POISSON FUME');

-- --------------------------------------------------------

--
-- Structure de la table `present`
--

CREATE TABLE `present` (
  `id` int(11) NOT NULL,
  `id_personnel` varchar(255) NOT NULL,
  `debut` time NOT NULL,
  `fin` time NOT NULL,
  `suple` time DEFAULT '00:00:00',
  `date` datetime NOT NULL DEFAULT current_timestamp()
) ENGINE=InnoDB DEFAULT CHARSET=utf8mb4 COLLATE=utf8mb4_general_ci;

--
-- Déchargement des données de la table `present`
--

INSERT INTO `present` (`id`, `id_personnel`, `debut`, `fin`, `suple`, `date`) VALUES
(13, '11', '08:00:00', '18:00:00', '00:00:00', '2024-05-04 16:20:57'),
(14, '18', '08:00:00', '18:00:00', '00:00:00', '2024-06-06 19:30:38');

-- --------------------------------------------------------

--
-- Structure de la table `sortie`
--

CREATE TABLE `sortie` (
  `id_sortie` int(11) NOT NULL,
  `sortieqtt` text NOT NULL
) ENGINE=InnoDB DEFAULT CHARSET=utf8mb4 COLLATE=utf8mb4_general_ci;

-- --------------------------------------------------------

--
-- Structure de la table `stock`
--

CREATE TABLE `stock` (
  `id` int(11) NOT NULL,
  `id_poisson` varchar(255) NOT NULL,
  `qtt` double NOT NULL,
  `nombre_sac` int(11) NOT NULL,
  `type` int(11) NOT NULL,
  `place` int(11) NOT NULL,
  `date` datetime NOT NULL DEFAULT current_timestamp()
) ENGINE=MyISAM DEFAULT CHARSET=latin1 COLLATE=latin1_swedish_ci;

--
-- Déchargement des données de la table `stock`
--

INSERT INTO `stock` (`id`, `id_poisson`, `qtt`, `nombre_sac`, `type`, `place`, `date`) VALUES
(33, '185', 17, 1, 0, 1, '2024-06-01 14:02:56'),
(34, '186', 190, 8, 0, 1, '2024-06-01 14:05:34'),
(35, '142', 58, 2, 0, 1, '2024-06-01 14:05:34'),
(36, '188', 12, 1, 0, 1, '2024-06-01 14:05:34'),
(37, '190', 7, 1, 0, 1, '2024-06-01 14:05:34'),
(38, '193', 2.5, 1, 0, 1, '2024-06-01 14:05:34'),
(39, '191', 555.5, 17, 0, 1, '2024-06-01 14:05:34'),
(40, '191', 72, 6, 0, 1, '2024-06-01 14:05:34'),
(41, '194', 9, 1, 0, 1, '2024-06-01 14:05:34'),
(42, '195', 4.5, 1, 0, 1, '2024-06-01 14:05:34'),
(43, '196', 14, 1, 0, 1, '2024-06-01 14:05:34'),
(44, '197', 1.5, 1, 0, 1, '2024-06-01 14:05:34'),
(45, '198', 12, 1, 0, 1, '2024-06-01 14:05:34'),
(46, '200', 3.5, 1, 0, 1, '2024-06-01 14:05:34'),
(47, '110', 76, 3, 0, 1, '2024-06-01 14:05:34'),
(48, '201', 97, 5, 0, 1, '2024-06-01 14:05:34'),
(49, '202', 354.5, 16, 0, 1, '2024-06-01 14:05:34'),
(50, '203', 56, 56, 0, 1, '2024-06-01 14:05:34'),
(51, '133', 8, 1, 0, 1, '2024-06-01 14:05:34'),
(52, '102', 1.5, 0, 0, 1, '2024-06-01 14:05:34'),
(53, '205', 14, 1, 0, 1, '2024-06-01 14:05:34'),
(54, '177', 2.5, 1, 0, 1, '2024-06-01 14:05:34'),
(55, '121', 23, 1, 0, 1, '2024-06-01 14:05:34'),
(56, '133', 2.5, 1, 0, 1, '2024-06-01 14:05:34'),
(57, '206', 2.5, 1, 0, 1, '2024-06-01 14:05:34'),
(58, '207', 9, 1, 0, 1, '2024-06-01 14:05:34'),
(59, '96', 23, 2, 0, 1, '2024-06-01 14:05:34'),
(61, '209', 77.5, 5, 0, 1, '2024-06-02 15:13:49'),
(62, '210', 92.5, 4, 0, 1, '2024-06-02 15:15:06'),
(63, '108', 23, 1, 0, 1, '2024-06-02 15:21:23'),
(65, '211', 72.5, 3, 0, 1, '2024-06-02 15:28:41'),
(66, '212', 191.5, 7, 0, 1, '2024-06-02 15:29:13'),
(67, '208', 192, 8, 0, 1, '2024-06-02 15:29:37'),
(68, '142', 58, 2, 0, 1, '2024-06-02 15:30:29'),
(69, '110', 20, 1, 0, 1, '2024-06-02 15:31:08'),
(70, '118', 10, 1, 0, 1, '2024-06-02 15:31:41'),
(71, '186', 691, 26, 0, 1, '2024-06-02 15:32:29'),
(72, '213', 57.5, 3, 0, 1, '2024-06-02 15:34:02'),
(73, '96', 48.5, 2, 0, 1, '2024-06-02 15:34:54'),
(74, '214', 7, 1, 0, 1, '2024-06-02 15:36:40'),
(75, '186', 196, 7, 0, 1, '2024-06-03 15:45:49'),
(76, '208', 516, 23, 0, 1, '2024-06-03 15:50:43'),
(77, '101', 143.5, 6, 0, 1, '2024-06-03 15:51:34'),
(78, '195', 18.5, 1, 0, 1, '2024-06-03 15:52:14'),
(79, '132', 4.5, 1, 0, 1, '2024-06-03 15:52:51'),
(80, '215', 20.5, 1, 0, 1, '2024-06-03 15:54:17'),
(81, '122', 53.5, 2, 0, 1, '2024-06-03 15:55:03'),
(82, '110', 28, 1, 0, 1, '2024-06-03 15:56:18'),
(83, '115', 24, 1, 0, 1, '2024-06-03 15:57:52'),
(84, '123', 16, 1, 0, 1, '2024-06-03 15:58:25'),
(85, '142', 46, 2, 0, 1, '2024-06-03 15:59:08'),
(86, '216', 4, 1, 0, 1, '2024-06-03 16:02:47'),
(87, '217', 2, 1, 0, 1, '2024-06-03 16:04:12'),
(88, '194', 0.5, 0, 0, 1, '2024-06-03 16:04:44'),
(89, '186', 1239.5, 48, 0, 1, '2024-06-04 16:11:16'),
(90, '110', 88, 3, 0, 1, '2024-06-04 16:13:33'),
(91, '194', 2.5, 0, 0, 1, '2024-06-04 16:16:42'),
(92, '210', 6, 1, 0, 1, '2024-06-04 16:18:28'),
(93, '195', 9, 0, 0, 1, '2024-06-04 16:20:23'),
(94, '209', 4.5, 1, 0, 1, '2024-06-04 16:23:49'),
(95, '212', 11, 1, 0, 1, '2024-06-04 16:25:48'),
(96, '218', 6, 0, 0, 1, '2024-06-04 16:27:19'),
(97, '219', 78, 4, 0, 1, '2024-06-04 16:28:25'),
(98, '153', 19.5, 1, 0, 1, '2024-06-04 16:28:53'),
(99, '205', 73.5, 3, 0, 1, '2024-06-04 16:29:25'),
(100, '220', 2, 1, 0, 1, '2024-06-04 16:30:28'),
(101, '208', 474.5, 18, 0, 1, '2024-06-04 16:31:11'),
(102, '198', 8, 1, 0, 1, '2024-06-04 16:31:34'),
(103, '196', 5.5, 1, 0, 1, '2024-06-04 16:32:21'),
(104, '96', 49, 2, 0, 1, '2024-06-04 16:34:07'),
(105, '221', 7, 1, 0, 1, '2024-06-04 16:35:22'),
(106, '140', 8, 1, 0, 1, '2024-06-04 16:36:23'),
(107, '191', 188, 6, 0, 1, '2024-06-04 16:36:55'),
(108, '142', 46.5, 2, 0, 1, '2024-06-04 16:37:25'),
(109, '222', 11, 1, 0, 1, '2024-06-04 16:40:33'),
(110, '216', 11.5, 1, 0, 1, '2024-06-04 16:41:19'),
(111, '211', 249.5, 12, 0, 1, '2024-06-05 16:49:01'),
(112, '218', 79.5, 4, 0, 1, '2024-06-05 16:50:27'),
(113, '133', 164, 6, 0, 1, '2024-06-05 16:53:23'),
(114, '153', 38, 2, 0, 1, '2024-06-05 16:54:33'),
(115, '186', 623, 25, 0, 1, '2024-06-05 16:56:10'),
(116, '210', 77, 4, 0, 1, '2024-06-05 16:58:02'),
(117, '209', 89, 6, 0, 1, '2024-06-05 16:59:02'),
(118, '191', 167, 4, 0, 1, '2024-06-05 17:00:03'),
(119, '195', 9, 0, 0, 1, '2024-06-05 17:00:54'),
(120, '223', 53.5, 3, 0, 1, '2024-06-05 17:02:52'),
(121, '224', 55.5, 2, 0, 1, '2024-06-05 17:03:47'),
(122, '200', 10.5, 1, 0, 1, '2024-06-05 17:04:30'),
(123, '225', 462.5, 17, 0, 1, '2024-06-05 17:05:57'),
(124, '101', 63, 3, 0, 1, '2024-06-05 17:06:22'),
(125, '196', 5, 1, 0, 1, '2024-06-05 17:07:10'),
(126, '194', 56, 2, 0, 1, '2024-06-05 17:07:51'),
(127, '208', 59, 3, 0, 1, '2024-06-05 17:08:29'),
(128, '205', 14, 1, 0, 1, '2024-06-05 17:09:16'),
(129, '140', 4.5, 0, 0, 1, '2024-06-05 17:10:58'),
(130, '226', 15, 1, 0, 1, '2024-06-05 17:12:53'),
(131, '153', 9, 1, 0, 1, '2024-06-05 17:13:18'),
(132, '198', 5.5, 1, 0, 1, '2024-06-05 17:13:53'),
(133, '204', 42, 2, 0, 1, '2024-06-05 17:14:24'),
(134, '215', 160, 8, 0, 1, '2024-06-05 17:15:00'),
(135, '165', 5, 1, 0, 1, '2024-06-05 17:16:08'),
(136, '222', 6, 0, 0, 1, '2024-06-05 17:16:42'),
(137, '142', 28, 1, 0, 1, '2024-06-05 17:17:14'),
(138, '186', 351.5, 12, 0, 1, '2024-06-06 17:18:35'),
(139, '195', 37, 2, 0, 1, '2024-06-06 17:25:40'),
(140, '96', 93, 4, 0, 1, '2024-06-06 17:26:25'),
(141, '218', 5, 1, 0, 1, '2024-06-06 17:27:11'),
(142, '225', 492.5, 18, 0, 1, '2024-06-06 17:27:55'),
(143, '226', 18.5, 1, 0, 1, '2024-06-06 17:28:49'),
(144, '227', 150, 5, 0, 1, '2024-06-06 17:30:49'),
(145, '183', 22.5, 1, 0, 1, '2024-06-06 17:31:35'),
(146, '228', 41, 2, 0, 1, '2024-06-06 17:33:52'),
(147, '153', 25, 1, 0, 1, '2024-06-06 17:34:20'),
(148, '200', 14.5, 1, 0, 1, '2024-06-06 17:35:05'),
(149, '208', 394.5, 16, 0, 1, '2024-06-06 17:35:40'),
(150, '215', 3, 1, 0, 1, '2024-06-06 17:37:12'),
(151, '160', 168, 4, 0, 1, '2024-06-06 17:38:53'),
(152, '188', 4.5, 1, 0, 1, '2024-06-06 17:39:18'),
(153, '224', 68, 2, 0, 1, '2024-06-06 17:39:55'),
(154, '111', 24, 1, 0, 1, '2024-06-06 17:40:30'),
(155, '212', 23, 1, 0, 1, '2024-06-06 17:41:07'),
(156, '213', 12, 1, 0, 1, '2024-06-06 17:41:42'),
(157, '205', 11, 1, 0, 1, '2024-06-06 17:42:30'),
(158, '196', 1, 1, 0, 1, '2024-06-06 17:43:08'),
(159, '194', 2, 1, 0, 1, '2024-06-06 17:43:48'),
(160, '198', 1, 1, 0, 1, '2024-06-06 17:44:13'),
(161, '210', 11, 1, 0, 1, '2024-06-06 17:44:58'),
(162, '209', 10, 1, 0, 1, '2024-06-06 17:45:44'),
(163, '204', 3, 1, 0, 1, '2024-06-06 17:46:21'),
(164, '101', 9, 1, 0, 1, '2024-06-06 17:46:50'),
(165, '141', 5.5, 1, 0, 1, '2024-06-06 17:47:35'),
(166, '140', 2.5, 1, 0, 1, '2024-06-06 17:48:16'),
(167, '211', 2, 1, 0, 1, '2024-06-06 17:48:43'),
(168, '222', 5.5, 1, 0, 1, '2024-06-06 17:49:19'),
(169, '229', 8, 1, 0, 1, '2024-06-06 17:50:54');

-- --------------------------------------------------------

--
-- Structure de la table `stockf`
--

CREATE TABLE `stockf` (
  `id` int(11) NOT NULL,
  `nomFilao` varchar(255) NOT NULL,
  `qtt` decimal(11,0) NOT NULL DEFAULT 0
) ENGINE=MyISAM DEFAULT CHARSET=latin1 COLLATE=latin1_swedish_ci;

--
-- Déchargement des données de la table `stockf`
--

INSERT INTO `stockf` (`id`, `nomFilao`, `qtt`) VALUES
(91, 'GP CABOT ', 0),
(92, 'PETIT CABOT', 0),
(93, 'Angy SE', 0),
(94, 'GPCABOT SE', 0),
(95, 'PETIT TRIES VERS GP', 0),
(96, 'TRIE AE', 214),
(97, 'TV TRIE AE', 0),
(98, 'ANGY GM&PM FILET', 0),
(99, 'BESOMO SE', 0),
(100, 'DE LARGE FILET', 0),
(101, 'FIAPONDO PREPARER', 216),
(102, 'TV GEORGE ', 4),
(103, 'GP ', 0),
(104, 'TRIE ', 0),
(105, 'CASSE MARMITE', 0),
(106, 'GP CABOT BE', 0),
(107, 'MAKOBA FOTSY', 0),
(108, 'MALOKY', 23),
(109, 'MALOKY POAKA MASO', 0),
(110, 'TV ROUGET', 212),
(111, 'TV AMBANIVAVA', 24),
(112, 'TV AMBARIAKA VAKY KIBO', 0),
(113, 'BANANE', 0),
(114, 'TV mavorambo', 0),
(115, 'TV Ambariaka', 24),
(116, 'TV Drihy', 0),
(117, 'TV LILIE poaka maso', 0),
(118, 'TV LILIE', 10),
(119, 'TV Ambotso', 0),
(120, 'TV Takoropa', 0),
(121, 'TV Kikao', 23),
(122, 'Trie blanc AE', 54),
(123, 'Trie rouge AE', 16),
(124, 'TV Blanc AE', 0),
(125, 'TV Rouge AE', 0),
(126, 'GP Crb & Local', 0),
(127, 'Trie vers GP', 0),
(128, 'KIKAO fotsy SE', 0),
(129, 'THON PM Sb', 0),
(130, 'Quatre Heure SE', 0),
(131, 'Trie Besomo SE', 0),
(132, 'TAKOROPA SE/SB', 5),
(133, 'ANGY', 248),
(134, 'ANGYP PM', 0),
(135, 'THON PM', 0),
(136, 'PERROQUET ', 0),
(137, 'PERROQUET 2EM CHOIX', 0),
(138, 'PERROQUET ', 0),
(139, 'MERLAN', 0),
(140, 'MERLAN PM', 16),
(141, 'TV gogo', 6),
(142, 'TV MIXTE', 237),
(143, 'CREVETTE ', 0),
(144, 'ESPADON', 0),
(145, 'ESPADON MOLLE', 0),
(146, 'TRIE CABOT', 0),
(147, 'GP LOCALE', 0),
(148, 'BONITE', 0),
(149, 'BONITE', 0),
(150, 'BONITE 2EM CHOIX', 0),
(151, 'FAUX THON', 0),
(152, 'KIKAO MENA', 0),
(153, 'ANKIO FOTSY', 92),
(154, 'THON MOYENNE', 0),
(155, 'FAUX THON MOLLE', 0),
(156, 'THON 2EM CHOIX', 0),
(157, 'THON BLANC', 0),
(158, 'THON BLANC MOLLE', 0),
(159, 'ANKIO MENA', 0),
(160, 'BONITE MOLLE', 168),
(161, 'FAUX THON 2EM CHOIX', 0),
(162, 'THON BANANE', 0),
(163, 'JANO FOTSY', 0),
(164, 'JANO MAINTY', 0),
(165, 'TV VANGO', 5),
(166, 'GOGO', 0),
(167, 'SHOLE', 0),
(168, 'SAUMON', 0),
(169, 'GP CRB', 0),
(170, 'GP 2m', 0),
(171, 'GP MOL', 0),
(172, 'Quatre Heure Mol', 0),
(173, 'ANKIO FOTSY 2m', 0),
(174, 'Ankio Mena 2m', 0),
(175, 'ESPADON Be MOL', 0),
(176, 'Thon', 0),
(177, 'THON Mol', 3),
(178, 'TV Maquerot', 0),
(179, 'Merlan Gm & Mn', 0),
(180, 'BESOMO', 0),
(181, 'Mandiandavaka', 0),
(182, 'BONITE KELY', 0),
(183, 'ANKIO LAVA HEJAKA', 23),
(184, 'THON PM 2m', 0),
(185, 'Poulpe', 17),
(186, 'GP se', 3488),
(187, 'TV mixte', 0),
(188, 'FILET M', 17),
(189, 'TT+SQLT BO', 0),
(190, 'TT+SQLT BONITA', 7),
(191, 'TV*', 983),
(192, 'MAHALOKY 2', 0),
(193, 'MAHALOKY 2', 3),
(194, 'TRIE se', 71),
(195, 'KIKAO se', 79),
(196, 'TT+SQLT GP', 26),
(197, 'TT+SQLT KKO +JN', 2),
(198, 'FILET 3', 27),
(199, 'JANO se', 0),
(200, 'JANO se', 30),
(201, 'TV*3', 97),
(202, 'TV*Déco', 355),
(203, 'TV mixte môle', 56),
(204, 'Tête Fiapondo', 45),
(205, 'MERLAN ae', 113),
(206, 'TV henjy', 3),
(207, 'TV BIKA', 9),
(208, 'MAKOBA', 1637),
(209, 'SQLT ANGY', 182),
(210, 'Tête ANGY', 187),
(211, 'FILET 2', 325),
(212, 'FILET 1', 226),
(213, 'TV GEORGE se', 70),
(214, 'TV trié', 7),
(215, 'THON BLANC sb', 184),
(216, 'TV trié Blanc', 16),
(217, 'TV trié rouge', 2),
(218, 'THON BLANC ab', 91),
(219, 'GOGO GM', 78),
(220, 'GOGO pm', 2),
(221, 'SOY-SOY mn ae', 7),
(222, 'TV Tretreky', 23),
(223, 'FILET ESP', 54),
(224, 'ESP se', 124),
(225, 'THON ROUGE ab', 956),
(226, 'THON ab', 34),
(227, 'THON ROUGE 2 ème choix', 150),
(228, 'THON ROUGE ab PM', 41),
(229, 'POISSON FUME', 8);

-- --------------------------------------------------------

--
-- Structure de la table `stockfinal`
--

CREATE TABLE `stockfinal` (
  `id` int(11) NOT NULL,
  `classe` varchar(11) NOT NULL,
  `poids` decimal(11,0) NOT NULL,
  `date` timestamp NOT NULL DEFAULT current_timestamp()
) ENGINE=InnoDB DEFAULT CHARSET=utf8mb4 COLLATE=utf8mb4_general_ci;

-- --------------------------------------------------------

--
-- Structure de la table `traitement_coms`
--

CREATE TABLE `traitement_coms` (
  `id` int(11) NOT NULL,
  `num_fact` varchar(255) NOT NULL,
  `text` varchar(3000) NOT NULL
) ENGINE=InnoDB DEFAULT CHARSET=utf8mb4 COLLATE=utf8mb4_general_ci;

-- --------------------------------------------------------

--
-- Structure de la table `user`
--

CREATE TABLE `user` (
  `id` int(11) NOT NULL,
  `username` varchar(255) NOT NULL,
  `password` varchar(255) NOT NULL DEFAULT '0000',
  `vente` varchar(255) NOT NULL DEFAULT '0',
  `achat` varchar(255) NOT NULL DEFAULT '0',
  `stock` varchar(255) NOT NULL DEFAULT '0',
  `lieukandra` text NOT NULL
) ENGINE=MyISAM DEFAULT CHARSET=latin1 COLLATE=latin1_swedish_ci;

--
-- Déchargement des données de la table `user`
--

INSERT INTO `user` (`id`, `username`, `password`, `vente`, `achat`, `stock`, `lieukandra`) VALUES
(1, 'Anthony', '0000', '0', '0', '0', '');

-- --------------------------------------------------------

--
-- Structure de la table `ventetana`
--

CREATE TABLE `ventetana` (
  `id` int(11) NOT NULL,
  `nomFilao` varchar(255) NOT NULL,
  `qtt` decimal(11,0) NOT NULL DEFAULT 0,
  `date` datetime NOT NULL DEFAULT current_timestamp()
) ENGINE=MyISAM DEFAULT CHARSET=latin1 COLLATE=latin1_swedish_ci;

--
-- Déchargement des données de la table `ventetana`
--

INSERT INTO `ventetana` (`id`, `nomFilao`, `qtt`, `date`) VALUES
(91, 'GP CABOT ', 0, '2024-06-01 10:21:17'),
(92, 'PETIT CABOT', 0, '2024-06-01 10:22:59'),
(93, 'Angy SE', 0, '2024-06-01 10:23:04'),
(94, 'GPCABOT SE', 0, '2024-06-01 10:29:17'),
(95, 'PETIT TRIES VERS GP', 0, '2024-06-01 10:30:24'),
(96, 'TRIE AE', 0, '2024-06-01 10:38:18'),
(97, 'TV TRIE AE', 0, '2024-06-01 10:40:27'),
(98, 'ANGY GM&PM FILET', 0, '2024-06-01 10:45:32'),
(99, 'BESOMO SE', 0, '2024-06-01 10:46:07'),
(100, 'DE LARGE FILET', 0, '2024-06-01 10:47:07'),
(101, 'FIAPONDO PREPARER', 0, '2024-06-01 10:48:09'),
(102, 'TV GEORGE ', 0, '2024-06-01 10:50:46'),
(103, 'GP ', 0, '2024-06-01 10:51:28'),
(104, 'TRIE ', 0, '2024-06-01 10:53:07'),
(105, 'CASSE MARMITE', 0, '2024-06-01 10:57:42'),
(106, 'GP CABOT BE', 0, '2024-06-01 10:59:08'),
(107, 'MAKOBA FOTSY', 0, '2024-06-01 10:59:57'),
(108, 'MALOKY', 0, '2024-06-01 11:04:31'),
(109, 'MALOKY POAKA MASO', 0, '2024-06-01 11:05:14'),
(110, 'TV ROUGET', 0, '2024-06-01 11:08:03'),
(111, 'TV AMBANIVAVA', 0, '2024-06-01 11:10:10'),
(112, 'TV AMBARIAKA VAKY KIBO', 0, '2024-06-01 11:12:15'),
(113, 'BANANE', 0, '2024-06-01 11:13:18'),
(114, 'TV mavorambo', 0, '2024-06-01 11:47:57'),
(115, 'TV Ambariaka', 0, '2024-06-01 11:50:04'),
(116, 'TV Drihy', 0, '2024-06-01 11:50:51'),
(117, 'TV LILIE poaka maso', 0, '2024-06-01 11:51:52'),
(118, 'TV LILIE', 0, '2024-06-01 11:52:50'),
(119, 'TV Ambotso', 0, '2024-06-02 12:00:15'),
(120, 'TV Takoropa', 0, '2024-06-02 12:01:47'),
(121, 'TV Kikao', 0, '2024-06-02 12:03:18'),
(122, 'Trie blanc AE', 0, '2024-06-02 12:09:22'),
(123, 'Trie rouge AE', 0, '2024-06-02 12:10:49'),
(124, 'TV Blanc AE', 0, '2024-06-02 12:12:35'),
(125, 'TV Rouge AE', 0, '2024-06-02 12:13:52'),
(126, 'GP Crb & Local', 0, '2024-06-02 12:18:37'),
(127, 'Trie vers GP', 0, '2024-06-02 12:21:50'),
(128, 'KIKAO fotsy SE', 0, '2024-06-02 12:22:56'),
(129, 'THON PM Sb', 0, '2024-06-02 12:35:23'),
(130, 'Quatre Heure SE', 0, '2024-06-02 12:36:25'),
(131, 'Trie Besomo SE', 0, '2024-06-02 12:38:07'),
(132, 'TAKOROPA SE/SB', 0, '2024-06-02 12:39:08'),
(133, 'ANGY', 0, '2024-06-04 13:26:37'),
(134, 'ANGYP PM', 0, '2024-06-04 13:28:49'),
(135, 'THON PM', 0, '2024-06-04 13:37:16'),
(136, 'PERROQUET ', 0, '2024-06-04 13:39:00'),
(137, 'PERROQUET 2EM CHOIX', 0, '2024-06-04 13:39:24'),
(138, 'PERROQUET ', 0, '2024-06-04 13:41:00'),
(139, 'MERLAN', 0, '2024-06-04 13:45:01'),
(140, 'MERLAN PM', 0, '2024-06-04 13:46:08'),
(141, 'TV gogo', 0, '2024-06-04 13:46:52'),
(142, 'TV MIXTE', 0, '2024-06-04 13:48:49'),
(143, 'CREVETTE ', 0, '2024-06-04 13:51:32'),
(144, 'ESPADON', 0, '2024-06-04 13:52:24'),
(145, 'ESPADON MOLLE', 0, '2024-06-04 13:52:44'),
(146, 'TRIE CABOT', 0, '2024-06-04 13:53:32'),
(147, 'GP LOCALE', 0, '2024-06-04 13:55:25'),
(148, 'BONITE', 0, '2024-06-04 13:59:37'),
(149, 'BONITE', 0, '2024-06-04 14:00:27'),
(150, 'BONITE 2EM CHOIX', 0, '2024-06-04 14:01:06'),
(151, 'FAUX THON', 0, '2024-06-04 14:01:55'),
(152, 'KIKAO MENA', 0, '2024-06-04 14:02:49'),
(153, 'ANKIO FOTSY', 0, '2024-06-04 14:04:04'),
(154, 'THON MOYENNE', 0, '2024-06-04 14:04:42'),
(155, 'FAUX THON MOLLE', 0, '2024-06-04 14:06:57'),
(156, 'THON 2EM CHOIX', 0, '2024-06-04 14:11:14'),
(157, 'THON BLANC', 0, '2024-06-04 14:12:12'),
(158, 'THON BLANC MOLLE', 0, '2024-06-04 14:13:06'),
(159, 'ANKIO MENA', 0, '2024-06-04 14:13:45'),
(160, 'BONITE MOLLE', 0, '2024-06-04 14:15:00'),
(161, 'FAUX THON 2EM CHOIX', 0, '2024-06-04 14:26:28'),
(162, 'THON BANANE', 0, '2024-06-04 14:27:32'),
(163, 'JANO FOTSY', 0, '2024-06-04 14:29:12'),
(164, 'JANO MAINTY', 0, '2024-06-04 14:30:23'),
(165, 'TV VANGO', 0, '2024-06-04 14:31:25'),
(166, 'GOGO', 0, '2024-06-04 14:32:10'),
(167, 'SHOLE', 0, '2024-06-04 14:32:43'),
(168, 'SAUMON', 0, '2024-06-04 14:36:31'),
(169, 'GP CRB', 0, '2024-06-04 14:42:22'),
(170, 'GP 2m', 0, '2024-06-04 14:49:44'),
(171, 'GP MOL', 0, '2024-06-04 14:50:45'),
(172, 'Quatre Heure Mol', 0, '2024-06-04 14:51:26'),
(173, 'ANKIO FOTSY 2m', 0, '2024-06-04 14:52:42'),
(174, 'Ankio Mena 2m', 0, '2024-06-04 14:53:33'),
(175, 'ESPADON Be MOL', 0, '2024-06-04 14:54:30'),
(176, 'Thon', 0, '2024-06-04 15:10:12'),
(177, 'THON Mol', 0, '2024-06-04 15:10:50'),
(178, 'TV Maquerot', 0, '2024-06-05 15:27:40'),
(179, 'Merlan Gm & Mn', 0, '2024-06-05 15:31:43'),
(180, 'BESOMO', 0, '2024-06-05 15:41:30'),
(181, 'Mandiandavaka', 0, '2024-06-05 15:44:00'),
(182, 'BONITE KELY', 0, '2024-06-05 16:04:05'),
(183, 'ANKIO LAVA HEJAKA', 0, '2024-06-05 16:05:08'),
(184, 'THON PM 2m', 0, '2024-06-05 17:22:45'),
(185, 'Poulpe', 0, '2024-06-06 14:01:13'),
(186, 'GP se', 0, '2024-06-06 14:04:21'),
(187, 'TV mixte', 0, '2024-06-06 14:06:16'),
(188, 'FILET M', 0, '2024-06-06 14:09:13'),
(189, 'TT+SQLT BO', 0, '2024-06-06 14:10:24'),
(190, 'TT+SQLT BONITA', 0, '2024-06-06 14:11:20'),
(191, 'TV*', 0, '2024-06-06 14:12:33'),
(192, 'MAHALOKY 2', 0, '2024-06-06 14:20:05'),
(193, 'MAHALOKY 2', 0, '2024-06-06 14:21:01'),
(194, 'TRIE se', 0, '2024-06-06 14:25:00'),
(195, 'KIKAO se', 0, '2024-06-06 14:27:03'),
(196, 'TT+SQLT GP', 0, '2024-06-06 14:28:26'),
(197, 'TT+SQLT KKO +JN', 0, '2024-06-06 14:30:32'),
(198, 'FILET 3', 0, '2024-06-06 14:33:52'),
(199, 'JANO se', 0, '2024-06-06 14:41:26'),
(200, 'JANO se', 0, '2024-06-06 14:45:03'),
(201, 'TV*3', 0, '2024-06-06 14:47:34'),
(202, 'TV*Déco', 0, '2024-06-06 14:48:57'),
(203, 'TV mixte môle', 0, '2024-06-06 14:50:07'),
(204, 'Tête Fiapondo', 0, '2024-06-06 14:53:02'),
(205, 'MERLAN ae', 0, '2024-06-06 14:57:29'),
(206, 'TV henjy', 0, '2024-06-06 15:00:49'),
(207, 'TV BIKA', 0, '2024-06-06 15:03:05'),
(208, 'MAKOBA', 0, '2024-06-02 15:08:29'),
(209, 'SQLT ANGY', 0, '2024-06-02 15:13:20'),
(210, 'Tête ANGY', 0, '2024-06-02 15:14:38'),
(211, 'FILET 2', 0, '2024-06-02 15:24:32'),
(212, 'FILET 1', 0, '2024-06-02 15:27:23'),
(213, 'TV GEORGE se', 0, '2024-06-02 15:33:13'),
(214, 'TV trié', 0, '2024-06-02 15:36:00'),
(215, 'THON BLANC sb', 0, '2024-06-03 15:53:46'),
(216, 'TV trié Blanc', 0, '2024-06-03 16:00:55'),
(217, 'TV trié rouge', 0, '2024-06-03 16:03:28'),
(218, 'THON BLANC ab', 0, '2024-06-04 16:26:47'),
(219, 'GOGO GM', 0, '2024-06-04 16:28:00'),
(220, 'GOGO pm', 0, '2024-06-04 16:29:53'),
(221, 'SOY-SOY mn ae', 0, '2024-06-04 16:34:54'),
(222, 'TV Tretreky', 0, '2024-06-04 16:39:42'),
(223, 'FILET ESP', 0, '2024-06-05 17:02:08'),
(224, 'ESP se', 0, '2024-06-05 17:03:09'),
(225, 'THON ROUGE ab', 0, '2024-06-05 17:05:16'),
(226, 'THON ab', 0, '2024-06-05 17:11:55'),
(227, 'THON ROUGE 2 ème choix', 0, '2024-06-06 17:30:05'),
(228, 'THON ROUGE ab PM', 0, '2024-06-06 17:33:08'),
(229, 'POISSON FUME', 0, '2024-06-06 17:49:51');

--
-- Index pour les tables déchargées
--

--
-- Index pour la table `apres_charge`
--
ALTER TABLE `apres_charge`
  ADD PRIMARY KEY (`id`);

--
-- Index pour la table `chargement_bac`
--
ALTER TABLE `chargement_bac`
  ADD PRIMARY KEY (`id`);

--
-- Index pour la table `client`
--
ALTER TABLE `client`
  ADD PRIMARY KEY (`id`);

--
-- Index pour la table `cv`
--
ALTER TABLE `cv`
  ADD PRIMARY KEY (`id`);

--
-- Index pour la table `depence`
--
ALTER TABLE `depence`
  ADD PRIMARY KEY (`id`);

--
-- Index pour la table `detailavant`
--
ALTER TABLE `detailavant`
  ADD PRIMARY KEY (`id`);

--
-- Index pour la table `detailfilao`
--
ALTER TABLE `detailfilao`
  ADD PRIMARY KEY (`id`);

--
-- Index pour la table `detailfilaocontre`
--
ALTER TABLE `detailfilaocontre`
  ADD PRIMARY KEY (`id`);

--
-- Index pour la table `detailfilaosortie`
--
ALTER TABLE `detailfilaosortie`
  ADD PRIMARY KEY (`id`);

--
-- Index pour la table `facture`
--
ALTER TABLE `facture`
  ADD PRIMARY KEY (`id`);

--
-- Index pour la table `facturesortie`
--
ALTER TABLE `facturesortie`
  ADD PRIMARY KEY (`id`);

--
-- Index pour la table `filaolafo`
--
ALTER TABLE `filaolafo`
  ADD PRIMARY KEY (`idc`);

--
-- Index pour la table `fournisseur`
--
ALTER TABLE `fournisseur`
  ADD PRIMARY KEY (`id`);

--
-- Index pour la table `froidf`
--
ALTER TABLE `froidf`
  ADD PRIMARY KEY (`id`);

--
-- Index pour la table `imgpers`
--
ALTER TABLE `imgpers`
  ADD PRIMARY KEY (`id`);

--
-- Index pour la table `observation`
--
ALTER TABLE `observation`
  ADD PRIMARY KEY (`id`);

--
-- Index pour la table `particulier`
--
ALTER TABLE `particulier`
  ADD PRIMARY KEY (`idc`);

--
-- Index pour la table `personnel`
--
ALTER TABLE `personnel`
  ADD PRIMARY KEY (`id`);

--
-- Index pour la table `poisson`
--
ALTER TABLE `poisson`
  ADD PRIMARY KEY (`id`);

--
-- Index pour la table `present`
--
ALTER TABLE `present`
  ADD PRIMARY KEY (`id`);

--
-- Index pour la table `stock`
--
ALTER TABLE `stock`
  ADD PRIMARY KEY (`id`);

--
-- Index pour la table `stockf`
--
ALTER TABLE `stockf`
  ADD PRIMARY KEY (`id`);

--
-- Index pour la table `traitement_coms`
--
ALTER TABLE `traitement_coms`
  ADD PRIMARY KEY (`id`);

--
-- Index pour la table `user`
--
ALTER TABLE `user`
  ADD PRIMARY KEY (`id`);

--
-- Index pour la table `ventetana`
--
ALTER TABLE `ventetana`
  ADD PRIMARY KEY (`id`);

--
-- AUTO_INCREMENT pour les tables déchargées
--

--
-- AUTO_INCREMENT pour la table `apres_charge`
--
ALTER TABLE `apres_charge`
  MODIFY `id` int(11) NOT NULL AUTO_INCREMENT, AUTO_INCREMENT=8;

--
-- AUTO_INCREMENT pour la table `chargement_bac`
--
ALTER TABLE `chargement_bac`
  MODIFY `id` int(11) NOT NULL AUTO_INCREMENT;

--
-- AUTO_INCREMENT pour la table `client`
--
ALTER TABLE `client`
  MODIFY `id` int(11) NOT NULL AUTO_INCREMENT;

--
-- AUTO_INCREMENT pour la table `depence`
--
ALTER TABLE `depence`
  MODIFY `id` int(11) NOT NULL AUTO_INCREMENT, AUTO_INCREMENT=13;

--
-- AUTO_INCREMENT pour la table `detailavant`
--
ALTER TABLE `detailavant`
  MODIFY `id` int(11) NOT NULL AUTO_INCREMENT, AUTO_INCREMENT=104;

--
-- AUTO_INCREMENT pour la table `detailfilao`
--
ALTER TABLE `detailfilao`
  MODIFY `id` int(11) NOT NULL AUTO_INCREMENT, AUTO_INCREMENT=343;

--
-- AUTO_INCREMENT pour la table `detailfilaocontre`
--
ALTER TABLE `detailfilaocontre`
  MODIFY `id` int(11) NOT NULL AUTO_INCREMENT, AUTO_INCREMENT=89;

--
-- AUTO_INCREMENT pour la table `detailfilaosortie`
--
ALTER TABLE `detailfilaosortie`
  MODIFY `id` int(11) NOT NULL AUTO_INCREMENT, AUTO_INCREMENT=18;

--
-- AUTO_INCREMENT pour la table `filaolafo`
--
ALTER TABLE `filaolafo`
  MODIFY `idc` int(11) NOT NULL AUTO_INCREMENT, AUTO_INCREMENT=9;

--
-- AUTO_INCREMENT pour la table `fournisseur`
--
ALTER TABLE `fournisseur`
  MODIFY `id` int(11) NOT NULL AUTO_INCREMENT, AUTO_INCREMENT=33;

--
-- AUTO_INCREMENT pour la table `froidf`
--
ALTER TABLE `froidf`
  MODIFY `id` int(11) NOT NULL AUTO_INCREMENT, AUTO_INCREMENT=230;

--
-- AUTO_INCREMENT pour la table `observation`
--
ALTER TABLE `observation`
  MODIFY `id` int(11) NOT NULL AUTO_INCREMENT;

--
-- AUTO_INCREMENT pour la table `particulier`
--
ALTER TABLE `particulier`
  MODIFY `idc` int(11) NOT NULL AUTO_INCREMENT, AUTO_INCREMENT=12;

--
-- AUTO_INCREMENT pour la table `personnel`
--
ALTER TABLE `personnel`
  MODIFY `id` int(11) NOT NULL AUTO_INCREMENT, AUTO_INCREMENT=29;

--
-- AUTO_INCREMENT pour la table `poisson`
--
ALTER TABLE `poisson`
  MODIFY `id` int(11) NOT NULL AUTO_INCREMENT, AUTO_INCREMENT=230;

--
-- AUTO_INCREMENT pour la table `present`
--
ALTER TABLE `present`
  MODIFY `id` int(11) NOT NULL AUTO_INCREMENT, AUTO_INCREMENT=15;

--
-- AUTO_INCREMENT pour la table `stock`
--
ALTER TABLE `stock`
  MODIFY `id` int(11) NOT NULL AUTO_INCREMENT, AUTO_INCREMENT=170;

--
-- AUTO_INCREMENT pour la table `stockf`
--
ALTER TABLE `stockf`
  MODIFY `id` int(11) NOT NULL AUTO_INCREMENT, AUTO_INCREMENT=230;

--
-- AUTO_INCREMENT pour la table `traitement_coms`
--
ALTER TABLE `traitement_coms`
  MODIFY `id` int(11) NOT NULL AUTO_INCREMENT;

--
-- AUTO_INCREMENT pour la table `user`
--
ALTER TABLE `user`
  MODIFY `id` int(11) NOT NULL AUTO_INCREMENT, AUTO_INCREMENT=7;

--
-- AUTO_INCREMENT pour la table `ventetana`
--
ALTER TABLE `ventetana`
  MODIFY `id` int(11) NOT NULL AUTO_INCREMENT, AUTO_INCREMENT=230;
COMMIT;

/*!40101 SET CHARACTER_SET_CLIENT=@OLD_CHARACTER_SET_CLIENT */;
/*!40101 SET CHARACTER_SET_RESULTS=@OLD_CHARACTER_SET_RESULTS */;
/*!40101 SET COLLATION_CONNECTION=@OLD_COLLATION_CONNECTION */;
